suffix,valid_size,n_repeats,n_folds,fold_seed,vv_size,vv_seed,vv_random_split,max_depth,learning_rate,n_estimators,min_child_weight,gamma,subsample,colsample_bytree,reg_alpha,reg_lambda,top_k_feats,n_features,ll7_tv,f1macro7_tv,acc7_tv,ll2_tv,f1macro2_tv,acc2_tv,ll7_vt,f1macro7_vt,acc7_vt,ll2_vt,f1macro2_vt,acc2_vt
natty,0.1000124703828407,1,5,42,0,34,False,3,0.0190063375779135,877,36.27276603248165,2.102019318279898,0.5594063671966585,0.7988085278907581,0.0,1.0253020322925297,76,76,1.65784242,0.19940532,0.31592275,0.62617713,0.62757945,0.62758069,1.61512905,0.21143654,0.35274314,0.64319207,0.63424037,0.63425
natty,0.10001247038284075,1,5,42,0,34,False,3,0.019497365364120334,1015,38.03647795820886,2.0089374515964162,0.5917822415427065,0.792142758386544,0.0,1.2557393418859508,78,78,1.65791367,0.19923355,0.31446721,0.62644809,0.62834313,0.62834836,1.61565226,0.21342473,0.35349127,0.64354496,0.63374925,0.63375
natty,0.1000124703828407,1,5,42,0,34,False,3,0.0274475385072929,821,36.16010762323121,2.137830338056309,0.5937755292773286,0.8906006902194342,0.0,0.8657034399746407,75,75,1.65798625,0.20357435,0.31855476,0.62587852,0.62645604,0.62646648,1.61554996,0.21083555,0.35062344,0.64359429,0.62897953,0.629
natty,0.1000124703828407,1,5,42,0,34,False,3,0.0269422576639293,805,36.72585978674879,2.5034847741901416,0.6137097787359718,0.8876355878665728,0.0,1.0825769203485618,75,75,1.6581382,0.20067867,0.31613065,0.62606681,0.62806281,0.62806981,1.61515715,0.211944,0.35299252,0.64372939,0.63011191,0.630125
natty,0.1000124703828407,1,5,42,0,34,False,3,0.0195767109785174,923,36.34280107503108,2.116260809282513,0.6009915478785147,0.7912401481956333,0.0,1.174993098908447,76,76,1.6582324,0.19859494,0.31481414,0.62608717,0.62862504,0.62862613,1.61521739,0.21221135,0.3542394,0.6434474,0.62948959,0.6295
natty,0.1000124703828407,1,5,42,0,34,False,3,0.0434509697928974,537,26.28738316820074,2.1546376658898883,0.3891921288979215,0.9391393286453682,0.0,1.2000758810739347,73,73,1.65826975,0.20172543,0.3146071,0.62607713,0.62722476,0.62723328,1.61827324,0.21347349,0.35187032,0.64255619,0.62883638,0.628875
natty,0.1000124703828407,1,5,42,0,34,False,4,0.0235035845398715,812,36.72511938253714,2.085862789544227,0.6046698940074512,0.8807792011479826,0.0,1.030144739142739,75,75,1.65830043,0.20147708,0.31613031,0.62609685,0.6270898,0.62709176,1.61658581,0.21255671,0.35261845,0.64319502,0.62910884,0.629125
natty,0.1000124703828407,1,5,42,0,34,False,3,0.0184632443233057,1060,35.71524195140815,2.173446385962092,0.5214046949751995,0.7983337263693631,0.0,1.1531289183932123,77,77,1.65833257,0.19955209,0.31446831,0.62645159,0.62722947,0.6272327,1.61552151,0.21249432,0.3532419,0.64344975,0.6301168,0.630125
natty,0.1000124703828407,1,5,42,0,34,False,3,0.0386932420529165,680,33.202797290194525,3.0307173946760337,0.5592541115304747,0.998807067826734,0.0,0.7139524386351683,73,73,1.6585566,0.19925138,0.31467501,0.62623389,0.6290436,0.62904659,1.61583404,0.21093151,0.35361596,0.64389916,0.63170457,0.63175
natty,0.1000124703828407,1,5,42,0,34,False,4,0.0271026033311056,820,31.57988727173246,2.5151684785780914,0.6225964722605956,0.8872064995218651,0.0,0.9484107170051016,72,72,1.6587486,0.20058567,0.31626901,0.62593293,0.62890383,0.628908,1.6167631,0.20949238,0.35012469,0.64315388,0.63243475,0.6325
natty,0.1000124703828407,1,5,42,0,34,False,3,0.0266094780315822,757,38.60893662307426,3.0109467201421616,0.6250050531419977,0.9027784730156936,0.0,0.9082819550860034,73,73,1.65881512,0.1979546,0.31509047,0.62656384,0.62876225,0.62876482,1.61593846,0.20773064,0.34900249,0.64451857,0.63323099,0.63325
natty,0.1000124703828407,1,5,42,0,34,False,2,0.0310230475905999,735,40.04650934458618,2.6250212891265776,0.5475293469144353,0.9604855975967732,0.0,0.6313856645692011,81,81,1.65882396,0.19654332,0.31418967,0.62648803,0.62744032,0.62744238,1.61421322,0.21197424,0.35361596,0.64425368,0.62969927,0.62975
natty,0.1000124703828407,1,5,42,0,34,False,3,0.0454888227052642,524,33.254940073046754,2.8667171454377343,0.436001479340835,0.86582952766483,0.0,1.0129123980552337,84,84,1.65897544,0.20120069,0.31426046,0.62631807,0.62855426,0.62856234,1.61604808,0.21651475,0.35286783,0.64249547,0.63060268,0.630625
natty,0.1000124703828407,1,5,42,0,34,False,5,0.0275093351814721,521,30.0,0.5169325798503198,0.7023069104251315,1.0,0.0,1.0,All,All (87),1.65926958,0.2027038,0.31460557,0.62589026,0.62820784,0.6282086,1.62269467,0.20798095,0.34264339,0.64346343,0.62746728,0.6275
natty,0.1000124703828407,1,5,42,0,34,False,3,0.0466597308413067,514,32.68207401575937,2.7204319296307973,0.4396964011421448,0.8448033013148156,0.0,0.99677452887303,86,86,1.65945141,0.19691758,0.31294371,0.62679582,0.63016428,0.63016595,1.615211,0.21571239,0.35386534,0.64327302,0.63119233,0.63125
natty,0.1000124703828407,1,5,42,0,34,False,3,0.0540040034284043,741,18.05951263345411,2.5908949245768755,0.4579841693236419,0.9561040513242164,0.0,1.5305596028624315,82,82,1.65949924,0.19967613,0.31315118,0.62695183,0.6291068,0.62911564,1.61633386,0.20971191,0.35137157,0.64333433,0.6303024,0.630375
natty,0.1000124703828407,1,5,42,0,34,False,3,0.0517815416836449,641,21.191877075352487,2.121367956685947,0.3728176831661783,0.910085427138532,0.0,1.4148755026359634,74,74,1.65950453,0.20172497,0.31474522,0.62665965,0.63057585,0.63058203,1.61881239,0.21034787,0.34800499,0.64297625,0.62618573,0.62625
natty,0.1000124703828407,1,5,42,0,34,False,3,0.0205711421596884,1235,37.96168551880412,1.953213187320435,0.4953037296431483,0.6721018823378407,0.0,1.1918011595443203,68,68,1.65960703,0.19908522,0.31446802,0.62637296,0.6291146,0.62911691,1.6119677,0.21027462,0.35286783,0.64367325,0.63249108,0.6325
natty,0.1000124703828407,1,5,42,0,34,False,2,0.0310492982909138,752,41.683532676845104,2.875378194895648,0.6551751593683861,0.9208552826532392,0.0,0.700162818879869,86,86,1.6597205,0.19813465,0.31606077,0.62646472,0.62814032,0.6281412,1.61394595,0.20868532,0.35087282,0.64460998,0.63197193,0.632
natty,0.1000124703828407,1,5,42,0,34,False,2,0.0429219596361718,791,25.902007762495305,2.254726632222161,0.3946741921965964,0.7791260814258018,0.0,0.8545612130946527,64,64,1.65982648,0.20029013,0.31502319,0.62606271,0.62604397,0.62604896,1.61185501,0.20692664,0.35174564,0.64314261,0.62961974,0.629625
natty,0.1000124703828407,1,5,42,0,34,False,5,0.0306987582264653,525,30.0,0.3988833303654665,0.7513773990606635,1.0,0.0,1.0,All,All (87),1.65989335,0.20243779,0.31391247,0.62582125,0.62890649,0.62890907,1.62376113,0.2101906,0.34600998,0.64339979,0.62960325,0.629625
natty,0.1000124703828407,1,5,42,0,34,False,4,0.0260511973181334,934,26.86732981987305,3.098063874146309,0.6234286213344875,0.8908587017450644,0.0,0.964039372029529,72,72,1.65990449,0.19806976,0.31328954,0.62638877,0.6283446,0.62834593,1.61674968,0.2116558,0.35361596,0.6436425,0.63158165,0.631625
natty,0.1000124703828407,1,5,42,0,34,False,2,0.0525517406513701,452,42.60436772869588,2.0129941284086974,0.4496210421448975,0.9315973822338224,0.0,0.5643402621481975,31,31,1.65990479,0.19854095,0.3123202,0.6267429,0.62812138,0.62813429,1.60989861,0.21126886,0.35698254,0.6416614,0.64274382,0.64275
natty,0.1000124703828407,1,5,42,0,34,False,3,0.0361291853562336,528,27.782907019635097,2.5176185017406363,0.3975152494329647,0.9935293998615298,0.0,1.150427672513632,41,41,1.65992124,0.19670583,0.31121116,0.62675962,0.62709112,0.62709245,1.60818898,0.21000464,0.35336658,0.64186186,0.64074646,0.64075
natty,0.1000124703828407,1,5,42,0,34,False,3,0.0470751478386161,499,33.87721267387175,2.860494341516881,0.4364317790304134,0.8689361021945602,0.0,1.002024715124898,87,87,1.659965,0.19651403,0.31239027,0.62756447,0.62883337,0.62883777,1.61667096,0.21228798,0.35386534,0.64401089,0.62922688,0.62925
natty,0.1000124703828407,1,5,42,0,34,False,2,0.074366345740307,308,36.01913548348012,2.9210299407025984,0.5724154206957675,0.8740354021759388,0.0,0.4590421082147079,86,86,1.66014103,0.19774469,0.31418991,0.62680492,0.62680264,0.62681253,1.61429599,0.20954268,0.34875312,0.6439303,0.63096876,0.631
natty,0.1000124703828407,1,5,42,0,34,False,5,0.0339974561211456,591,34.0,0.5308477766956904,0.727273745081065,1.0,0.0,1.0,All,All (87),1.66016796,0.20125717,0.3130813,0.62600757,0.63155403,0.63155822,1.62124346,0.21384029,0.34975062,0.64321614,0.63161588,0.631625
natty,0.1000124703828407,1,5,42,0,34,False,4,0.0621311689851883,384,29.62208078609904,0.382101875940273,0.5442560019102304,0.6983447198050431,0.0,0.6970690666001622,78,78,1.66024008,0.20089419,0.31557553,0.62737809,0.62806145,0.62807118,1.61988193,0.21256632,0.35049875,0.64389321,0.6284954,0.628625
natty,0.1000124703828407,1,5,42,0,34,False,3,0.0340307167415288,681,19.61637685297763,2.822726468153726,0.3432379104244364,0.9950603203620588,0.0,1.5211851341693363,41,41,1.66026611,0.19779079,0.31280448,0.62718185,0.62736559,0.62737178,1.60955722,0.20709105,0.3532419,0.6420815,0.63898334,0.639
natty,0.1000124703828407,1,5,42,0,34,False,4,0.0300662770892715,420,31.60175419705218,1.6803212958591769,0.3119761893660242,0.848802212362275,0.0,1.2244937152891728,82,82,1.66028614,0.19891817,0.31072596,0.62749793,0.62980831,0.62981387,1.61839312,0.21740186,0.35511222,0.64369377,0.62959106,0.629625
natty,0.1000124703828407,1,5,42,0,34,False,2,0.0569070448684444,777,41.18586613475953,2.726205868628566,0.3429325955258387,0.7583345949599987,0.0,0.6119739514537278,80,80,1.66031785,0.19855897,0.31419106,0.62785308,0.62611052,0.62611791,1.61532123,0.21172306,0.35174564,0.64411835,0.62844041,0.628625
natty,0.1000124703828407,1,5,42,0,34,False,3,0.0399842145179227,697,14.850667536678078,1.793970634515516,0.4070591813801717,0.9483648407292652,0.0,1.3803108810706852,52,52,1.66033065,0.19916097,0.31384466,0.6271022,0.62805942,0.62806991,1.61185504,0.20379483,0.34625935,0.64330289,0.63322959,0.63325
natty,0.1000124703828407,1,5,42,0,34,False,3,0.0261875744231023,764,30.59136092967534,0.6999823705291076,0.5970432663780487,0.636254991293837,0.0,1.7110622066263712,45,45,1.66056223,0.19897917,0.31322096,0.62704877,0.62743955,0.62744064,1.6099743,0.20288576,0.34700748,0.64272428,0.63862162,0.638625
natty,0.1000124703828407,1,5,42,0,34,False,5,0.0395536933901812,461,33.0,0.3181367661593778,0.782525781654664,1.0,0.0,1.0,All,All (87),1.66061136,0.19934961,0.31051787,0.62624243,0.6294579,0.6294649,1.62277875,0.21129474,0.3521197,0.64333191,0.62982761,0.629875
natty,0.1000124703828407,1,5,42,0,34,False,2,0.0310724543265708,722,38.77995183494407,2.314438292641272,0.6592212954863502,0.956588234246917,0.0,1.0958350150840028,66,66,1.66063497,0.19942985,0.31640674,0.62593847,0.628905,0.62890702,1.6105464,0.20409997,0.34750623,0.64400216,0.63312331,0.633125
natty,0.1000124703828407,1,5,42,0,34,False,3,0.0263943934290383,596,40.36421647928639,0.5987962216366609,0.6180989945610765,0.6331914079354815,0.0,1.13047330423829,45,45,1.66070103,0.19851974,0.31370524,0.62718578,0.62722411,0.62723007,1.6091299,0.20651226,0.35099751,0.64256872,0.64049169,0.6405
natty,0.1000124703828407,1,5,42,0,34,False,4,0.0473612334816419,389,36.73091610262201,0.8513045949032657,0.3375061952769484,0.9807452261045296,0.0,1.7890650392359708,76,76,1.66071311,0.2012931,0.31100398,0.62742026,0.63078596,0.63079124,1.62080837,0.21758236,0.35099751,0.64443892,0.6310678,0.631125
natty,0.1000124703828407,1,5,42,0,34,False,5,0.0353478717938058,667,34.49964808809089,0.896028900088742,0.8833002818222859,0.9152927291018652,0.0,1.752865498810519,81,81,1.66081397,0.20108185,0.31287383,0.6263324,0.63085191,0.63085912,1.62497136,0.20808306,0.34551122,0.64374041,0.63061781,0.630625
natty,0.1000124703828407,1,5,42,0,34,False,3,0.041725801634979,582,41.58838533313589,2.3666911959808643,0.4638780314579303,0.8597334196191374,0.0,1.2307943625717042,49,49,1.6608159,0.19958654,0.31405193,0.62717127,0.6298097,0.62981446,1.60812976,0.20905391,0.35286783,0.6427842,0.6351137,0.635125
natty,0.1000124703828407,1,5,42,0,34,False,2,0.0392285193549284,635,33.776473248653595,3.5992850634394618,0.5396076590613724,0.9560663857026308,0.0,0.7234046316979118,83,83,1.66081597,0.19423112,0.31328886,0.62721785,0.62833715,0.62834563,1.61504548,0.20395403,0.3478803,0.64519099,0.6306075,0.630625
natty,0.1000124703828407,1,5,42,0,34,False,4,0.0160671911294033,877,36.36079862105272,2.094470746042608,0.5810721562466763,0.7999877128079755,0.0,1.0193380626641773,67,67,1.66083441,0.20311686,0.31661479,0.62644518,0.62772103,0.62772425,1.61439577,0.20813464,0.34987531,0.64379261,0.6314974,0.6315
natty,0.1000124703828407,1,5,42,0,34,False,4,0.0614612295025415,414,21.635797249757253,0.4602589484669504,0.4945580557072015,0.7697152639061495,0.0,0.8273447023093574,78,78,1.66085701,0.20074385,0.31467592,0.62702788,0.6306494,0.63065352,1.62243167,0.21052698,0.34563591,0.64284371,0.63567909,0.63575
natty,0.1000124703828407,1,5,42,0,34,False,3,0.0514150522058815,507,43.90549491888392,2.563040240978696,0.4931783229805009,0.7751602221939218,0.0,0.7258925467306943,70,70,1.66094449,0.19806397,0.31190493,0.62703506,0.62855156,0.6285599,1.61319163,0.20709362,0.34800499,0.64453239,0.62723806,0.62725
natty,0.1000124703828407,1,5,42,0,34,False,3,0.054672590672013,501,42.92294236939921,2.432711553336194,0.4423660332332554,0.8689868485969133,0.0,0.6300955043827928,37,37,1.66099607,0.19520011,0.30892522,0.62760058,0.6263871,0.62638935,1.60857624,0.21064779,0.35623441,0.64160195,0.64249586,0.6425
natty,0.1000124703828407,1,5,42,0,34,False,3,0.0524965283945503,485,43.125592537416445,2.43025311381556,0.4934835101640521,0.7870594577049266,0.0,0.7112054562837835,71,71,1.6610144,0.19851331,0.31169645,0.62657115,0.62841506,0.62842121,1.61189363,0.20949045,0.35024938,0.64374228,0.62848158,0.6285
natty,0.1000124703828407,1,5,42,0,34,False,3,0.0498248907858198,440,35.51821625372352,1.9429398855269475,0.5746468756184188,0.924585470811829,0.0,0.628723714827166,30,30,1.66104847,0.19863815,0.31259735,0.62679779,0.62798982,0.62799676,1.61299927,0.20773185,0.35486284,0.64259597,0.64311749,0.643125
natty,0.1000124703828407,1,5,42,0,34,False,2,0.0557685722960559,441,50.98209656887617,2.218766501929325,0.379124289422432,0.9179672429896636,0.0,0.5415884973636149,31,31,1.66115546,0.195773,0.31031069,0.62734868,0.62687141,0.6268774,1.61172504,0.20946553,0.35361596,0.64244902,0.63399253,0.634
natty,0.1000124703828407,1,5,42,0,34,False,2,0.0596987616558674,479,43.55502648922866,2.576051183118956,0.3992464236912473,0.7756446481612326,0.0,0.5713966303641586,86,86,1.66117065,0.19601248,0.31141925,0.62800083,0.6276432,0.62765091,1.61559666,0.20977436,0.3521197,0.64471404,0.62773741,0.62775
natty,0.1000124703828407,1,5,42,0,34,False,3,0.01685086775927,1073,35.05018972702254,2.4524994938438947,0.5702150259354631,0.8422782186484142,0.0,0.8427087765892407,60,60,1.66124578,0.19787197,0.31412157,0.62701088,0.62862389,0.62862682,1.61241178,0.20327846,0.35024938,0.64416581,0.62912287,0.629125
natty,0.1000124703828407,1,5,42,0,34,False,5,0.041354440483527,527,27.0,0.5014137526332718,0.7512644172650724,1.0,0.0,1.0,All,All (87),1.66136984,0.20104083,0.31127964,0.62635272,0.62890153,0.62890293,1.62376035,0.20844579,0.34488778,0.64355983,0.6266205,0.626625
natty,0.1000124703828407,1,5,42,0,34,False,3,0.0592058574768348,529,38.96310394817274,2.730624907505548,0.3566645068585326,0.6681905823219095,0.0,0.6933870178848458,72,72,1.66137743,0.19975766,0.31432913,0.62864463,0.62709061,0.62709458,1.61748277,0.20708878,0.34476309,0.64471202,0.62777482,0.627875
natty,0.1000124703828407,1,5,42,0,34,False,3,0.0453591059313012,452,60.37295454701738,1.9064657535556209,0.4532833421618808,0.9452151375807084,0.0,0.6357985201513663,35,35,1.66138467,0.19686978,0.30920218,0.62771781,0.62895453,0.62896654,1.61065732,0.21381381,0.35648379,0.64204639,0.63911884,0.639125
natty,0.1000124703828407,1,5,42,0,34,False,3,0.0433085848378045,541,24.88756192033325,2.122768175462169,0.4600996177049669,0.9351978697129236,0.0,0.9520866717236224,71,71,1.66142896,0.19947052,0.31301282,0.62653874,0.6275084,0.62751261,1.61294569,0.20302004,0.34314214,0.64400429,0.62923362,0.62925
natty,0.1000124703828407,1,5,42,0,34,False,3,0.0409418658175268,532,39.98489045196519,2.349932533069186,0.5067433572470446,0.7600392631517967,0.0,0.4443070369125779,67,67,1.6614437,0.19804245,0.31308255,0.62687164,0.63050671,0.63051142,1.61360418,0.20639254,0.34700748,0.64407694,0.63174833,0.63175
natty,0.1000124703828407,1,5,42,0,34,False,4,0.0486156610475906,368,46.58761592584072,0.7355816475996608,0.3446547787432968,0.9805830558933566,0.0,1.1736490761411449,76,76,1.66149387,0.20003717,0.31190382,0.62861659,0.6291796,0.62918606,1.61987486,0.21485868,0.35249377,0.64504472,0.62858826,0.628625
natty,0.1000124703828407,1,5,42,0,34,False,4,0.0359979447758091,461,46.47879119523198,2.48050472732899,0.5082468171470513,0.9531094835912058,0.0,0.7778146042444453,44,44,1.6616629,0.19839602,0.31162744,0.62750262,0.62798752,0.62799813,1.60800129,0.2117512,0.3584788,0.64211484,0.64249253,0.6425
natty,0.1000124703828407,1,5,42,0,34,False,5,0.0349840374055992,541,39.68325576593085,0.7760095038580264,0.9212337445182532,0.8890399947006766,0.0,1.301808713900461,81,81,1.66176118,0.20044942,0.31328944,0.6266287,0.62862511,0.62862808,1.62545128,0.20737091,0.34526185,0.64440127,0.62799465,0.628
natty,0.1000124703828407,1,5,42,0,34,False,6,0.0291411681219013,830,41.51930886473926,3.1046537650361103,0.5803315652095439,0.7119323366040907,0.0,0.6176565297358623,33,33,1.66185081,0.19647599,0.3125963,0.62744846,0.62763835,0.62764234,1.61163671,0.21181151,0.36097257,0.64273516,0.64486462,0.644875
natty,0.1000124703828407,1,5,42,0,34,False,4,0.0254979455732897,830,32.21344770027662,1.660028297128219,0.4602640331885092,0.8287652752313674,0.0,0.9544569920813692,62,62,1.66188544,0.19962478,0.31204329,0.62692658,0.62771908,0.62772289,1.61193043,0.20686666,0.35,0.64258581,0.63062028,0.630625
natty,0.1000124703828407,1,5,42,0,34,False,2,0.064695313102833,596,44.4320795373481,2.430370172059673,0.3639953157544483,0.6834369194098049,0.0,0.5591193163357427,80,80,1.66188849,0.19647253,0.31280559,0.628621,0.62764757,0.62765043,1.61674564,0.21013148,0.35,0.64517063,0.62584011,0.625875
natty,0.1000124703828407,1,5,42,0,34,False,4,0.035087972151145,571,29.186174713784297,1.0786900383977027,0.5362071980799825,0.7933763137308486,0.0,1.035288136285009,41,41,1.66192377,0.19782525,0.3106569,0.62700474,0.62855341,0.6285564,1.61138869,0.20472885,0.34975062,0.64220809,0.64124043,0.64125
natty,0.1000124703828407,1,5,42,0,34,False,4,0.0550356549530165,499,34.06784894027487,1.6276040484436525,0.5685126964424185,0.9810603029052164,0.0,0.7485195435402545,30,30,1.66193148,0.19705663,0.30913216,0.6274233,0.62951863,0.6295286,1.61741994,0.20694954,0.35187032,0.64231969,0.63999854,0.64
natty,0.1000124703828407,1,5,42,0,34,False,3,0.0576207561156722,587,38.3482675706444,3.0513962720893826,0.4555975598338535,0.8027415962198651,0.0,0.8413146813241861,64,64,1.66195149,0.19843731,0.3121122,0.62708507,0.62672568,0.62674299,1.6117455,0.20642793,0.34950125,0.64398614,0.62661928,0.626625
natty,0.1000124703828407,1,5,42,0,34,False,3,0.064708628767596,614,46.25723396300354,0.6946596648988519,0.4024700629488584,0.6421925053520353,0.0,1.0973933430268503,64,64,1.66196723,0.20029042,0.31460677,0.62784224,0.62869679,0.62869801,1.61371356,0.2075556,0.34663342,0.64426419,0.62849693,0.6285
natty,0.1000124703828407,1,5,42,0,34,False,3,0.0728224885428132,452,29.199993094423142,1.8414866473014155,0.5164887504479649,0.9724062017177127,0.0,0.8482770521023117,69,69,1.66206436,0.20032287,0.3142595,0.62660663,0.62987608,0.62988594,1.61603689,0.20336849,0.34413965,0.6448365,0.63111027,0.631125
natty,0.1000124703828407,1,5,42,0,34,False,3,0.0868711114545763,300,36.52273885126712,2.450660976014813,0.5994751018619252,0.8287170252724435,0.0,0.5498470660403685,39,39,1.66207824,0.2006513,0.31349628,0.62704919,0.62728105,0.62729727,1.61049319,0.20471279,0.34713217,0.64217011,0.63723354,0.63725
natty,0.1000124703828407,1,5,42,0,34,False,3,0.0626955077270497,792,36.40498518553965,0.8060336502504175,0.3923810423557708,0.6451809115939087,0.0,1.6512988124034798,64,64,1.66208918,0.20018549,0.31412118,0.62744089,0.63063379,0.63065235,1.61381991,0.20361824,0.3425187,0.64374349,0.62686435,0.626875
natty,0.1000124703828407,1,5,42,0,34,False,2,0.0602601485966027,525,48.2751220026833,3.043971339219948,0.4254843715630972,0.8656848378597285,0.0,0.8033883292903838,53,53,1.66214861,0.1947117,0.31162677,0.6279193,0.62882766,0.62883544,1.60949683,0.20208005,0.34825436,0.64446718,0.62910866,0.629125
natty,0.1000124703828407,1,5,42,0,34,False,2,0.0476824555130704,434,49.150788705944585,2.176600810906539,0.3540883830890611,0.9251573422188932,0.0,0.5185557406168896,49,49,1.6621644,0.1964467,0.31308168,0.62811181,0.62590453,0.6259087,1.61000414,0.20707394,0.35099751,0.64409755,0.63262089,0.632625
natty,0.1000124703828407,1,5,42,0,34,False,2,0.0444436683392751,420,52.29730204180848,2.1340127679177163,0.4161507202463852,0.8545905910740519,0.0,0.5171272042696955,36,36,1.66225924,0.19386177,0.31141978,0.62801705,0.62583087,0.62583235,1.61025986,0.21011509,0.35922693,0.6430514,0.63599641,0.636
natty,0.1000124703828407,1,5,42,0,34,False,3,0.0304605953545119,480,45.93217330103472,3.3839865793505286,0.664581553232571,0.9287457122295656,0.0,0.7613718262480456,86,86,1.66230166,0.19385772,0.31245755,0.62823655,0.6296712,0.62967303,1.61821971,0.20068968,0.34351621,0.64713508,0.63198917,0.632
natty,0.1000124703828407,1,5,42,0,34,False,3,0.0393306393869703,503,56.85176514786014,2.6998518929153983,0.4391366997000182,0.8744202109677115,0.0,0.6571982753901613,50,50,1.66231752,0.19643519,0.31322076,0.62839328,0.62855446,0.62855737,1.60932404,0.20801822,0.35523691,0.64423491,0.63549682,0.6355
natty,0.1000124703828407,1,5,42,0,34,False,3,0.047085347161959,630,25.523914437572667,1.9029650699940943,0.3855920427898067,0.7610175870669589,0.0,1.4700699186880632,71,71,1.66241917,0.19794807,0.31190469,0.62710989,0.6282791,0.62828418,1.61485033,0.20805832,0.34850374,0.64402452,0.63337203,0.633375
natty,0.1000124703828407,1,5,42,0,34,False,4,0.0344712995021693,721,19.56391447791348,1.2308766474919808,0.5193164183540483,0.7951020336305201,0.0,1.5390974125867434,41,41,1.66249435,0.19768681,0.31044881,0.62773606,0.62575683,0.62576426,1.61252783,0.20335459,0.3478803,0.64242322,0.64061265,0.640625
natty,0.1000124703828407,1,5,42,0,34,False,4,0.0408475031971805,496,28.13943644627168,1.4855770359940936,0.4689456221066678,0.7460279254132747,0.0,0.7248347196405301,71,71,1.66249694,0.19782763,0.31086447,0.62706989,0.62779027,0.62779223,1.61361093,0.20576036,0.3457606,0.64349464,0.63011546,0.630125
natty,0.1000124703828407,1,5,42,0,34,False,4,0.0451633699616199,481,17.78122569685468,3.184223261575619,0.4937646769279143,0.8067125312965784,0.0,1.6322556743213128,65,65,1.66254251,0.19904966,0.31259745,0.62693635,0.62931189,0.62932387,1.61452144,0.20612688,0.34625935,0.64383863,0.62985945,0.629875
natty,0.1000124703828407,1,5,42,0,34,False,3,0.0584591276171196,382,33.30910745154779,2.4221183703408715,0.626594338386295,0.5509667783147738,0.0,0.9318903498349498,32,32,1.66258103,0.19658147,0.31204285,0.6277095,0.62938802,0.62939293,1.6110084,0.20561933,0.35037406,0.64298026,0.64549675,0.6455
natty,0.1000124703828407,1,5,42,0,34,False,5,0.0440633771284942,967,28.36747209822288,2.481061897824916,0.6906152283695953,0.8439895323918055,0.0,1.1034887350632503,64,64,1.66264015,0.20127804,0.3121815,0.62669034,0.62722952,0.62723202,1.616043,0.20312913,0.3446384,0.64405505,0.63097226,0.631
natty,0.1000124703828407,1,5,42,0,34,False,2,0.0559364955567462,511,50.37872309677208,2.70272708288208,0.7514049267336347,0.8202106521248953,0.0,1.0745602383842745,40,40,1.66288776,0.19294788,0.30996467,0.62752944,0.62834503,0.62834671,1.61129611,0.20024339,0.34476309,0.64517463,0.63699224,0.637
natty,0.1000124703828407,1,5,42,0,34,False,2,0.0545319438623833,873,48.67091352058547,2.776060068471637,0.3107337810786639,0.7355494799523123,0.0,0.5548332507502387,87,87,1.66291923,0.19497853,0.30968766,0.62926721,0.62562301,0.62562636,1.6166147,0.20734945,0.34501247,0.64621152,0.62304322,0.623125
natty,0.1000124703828407,1,5,42,0,34,False,5,0.0228884296633051,932,44.97963425428382,0.9818072420591174,0.4079671012534426,0.6923891853317347,0.0,0.8729083558696357,60,60,1.66310675,0.19861127,0.30989614,0.62801726,0.6266712,0.62667648,1.61293089,0.21221767,0.35386534,0.64325588,0.63036884,0.630375
natty,0.1000124703828407,1,5,42,0,34,False,5,0.0361690220862444,399,25.853705002316588,1.3339888247142764,0.7384975896494557,0.8634682130232705,0.0,1.6804386918556946,57,57,1.66339349,0.19823295,0.31037965,0.62727964,0.627995,0.62799998,1.61810377,0.20455475,0.34413965,0.64350551,0.62923906,0.62925
natty,0.1000124703828407,1,5,42,0,34,False,4,0.0502155202079894,396,45.170837794809046,1.963046300572432,0.3040116949933289,0.7427949818450265,0.0,0.6054782843661674,36,36,1.66348042,0.19653876,0.30954872,0.62855017,0.62958798,0.62959971,1.61285278,0.21328797,0.35872818,0.6429837,0.63911139,0.639125
natty,0.1000124703828407,1,5,42,0,34,False,2,0.0804262638828664,257,26.010971341502177,2.7558502273460466,0.874279670217727,0.932739049452826,0.0,0.4040206103134379,86,86,1.66350086,0.19213297,0.31065709,0.62802206,0.63002207,0.63002415,1.61978049,0.19447426,0.33740648,0.64788383,0.63111403,0.631125
natty,0.1000124703828407,1,5,42,0,34,False,5,0.0387993299397306,332,31.69893056766656,1.171896724604284,0.7711113079753404,0.8211538673618441,0.0,1.275729220896985,57,57,1.66359066,0.19978624,0.31245899,0.62711015,0.6278585,0.62786207,1.61794965,0.2042532,0.34376559,0.64358858,0.63024727,0.63025
natty,0.1000124703828407,1,5,42,0,34,False,2,0.0543875579781767,596,29.406905913684536,2.240033455303457,0.3136706793135482,0.8707803841002952,0.0,0.9650960316538568,69,69,1.66384645,0.19466814,0.31093511,0.62818977,0.62883184,0.628837,1.61334881,0.20450609,0.34613466,0.64493565,0.63074853,0.63075
natty,0.1000124703828407,1,5,42,0,34,False,6,0.0264505582440084,696,35.09663680097737,0.7797199670242898,0.640043153805249,0.8366809019706868,0.0,0.9216968971838152,60,60,1.66385545,0.20199675,0.31301296,0.62647018,0.63064985,0.63065498,1.61574684,0.20508451,0.34401496,0.64285727,0.63373091,0.63375
natty,0.1000124703828407,1,5,42,0,34,False,5,0.0770474666866012,569,18.983025603392537,1.4969806728225703,0.5459862684164014,0.9940279486674402,0.0,1.2410926271803049,41,41,1.66396091,0.1996529,0.30871674,0.6281132,0.62616858,0.6261855,1.61647423,0.20455567,0.34226933,0.64238103,0.63598981,0.636
natty,0.1000124703828407,1,5,42,0,34,False,5,0.144715066700335,391,21.0,1.0798625466052894,0.7436843710297063,1.0,0.0,1.0,All,All (87),1.66400466,0.202342,0.31141863,0.62688182,0.62876432,0.62876755,1.62959805,0.20468649,0.34102244,0.6453983,0.62658398,0.626625
natty,0.1000124703828407,1,5,42,0,34,False,5,0.1834108355276769,537,24.0,1.0336997644631527,0.7106610202271642,1.0,0.0,1.0,All,All (87),1.66400509,0.20130914,0.30705287,0.62705042,0.62827566,0.6282794,1.63548942,0.20801747,0.33753117,0.64576264,0.62491104,0.625
natty,0.1000124703828407,1,5,42,0,34,False,5,0.0405906098881321,652,18.985324656796227,0.5563651037565664,0.7375472689637038,0.6807154676004727,0.0,1.1580477657280284,45,45,1.66404094,0.19787825,0.31121068,0.62797448,0.6284132,0.62841664,1.61618779,0.20785688,0.34987531,0.64265487,0.63837151,0.638375
natty,0.1000124703828407,1,5,42,0,34,False,5,0.022932016972654,699,54.94898194239475,0.8535475330096873,0.4188912918503104,0.6897983831210872,0.0,0.6665422100831437,60,60,1.66413612,0.19896989,0.31259692,0.62861903,0.6292567,0.62925736,1.61500011,0.21207364,0.35498753,0.64414712,0.63124009,0.63125
natty,0.1000124703828407,1,5,42,0,34,False,6,0.056212410210558,438,22.625004821214247,1.9727913675663544,0.4884725113747825,0.8798167666495408,0.0,0.6879801457325607,49,49,1.66420447,0.20029933,0.31044862,0.62740644,0.62736939,0.6273745,1.61518483,0.20755534,0.34862843,0.64286094,0.63448723,0.6345
natty,0.1000124703828407,1,5,42,0,34,False,2,0.0707961785281523,659,40.215605030293126,3.437367871187167,0.3222173145063324,0.9941148825461564,0.0,1.365299632319325,57,57,1.66435729,0.19372084,0.31017238,0.62888917,0.6267363,0.62674319,1.61343382,0.20238095,0.34638404,0.64498761,0.62509932,0.625125
natty,0.1000124703828407,1,5,42,0,34,False,5,0.1260762738286177,317,35.0,1.502787529358022,0.8062108866694068,1.0,0.0,1.0,All,All (87),1.664388,0.20054868,0.31197317,0.62763862,0.62743107,0.6274381,1.62775843,0.21114098,0.34750623,0.64441074,0.63066873,0.63075
natty,0.1000124703828407,1,5,42,0,34,False,7,0.0223534815296349,820,40.46045908915929,1.2257299903752317,0.8337344793194943,0.551674676665521,0.0,0.9710340204874696,58,58,1.66459966,0.2008175,0.30996433,0.62738475,0.62792803,0.62793297,1.61882238,0.21065702,0.34875312,0.64402892,0.62511859,0.625125
natty,0.1000124703828407,1,5,42,0,34,False,2,0.0481982361280195,542,15.106409155643242,3.3809834951912148,0.7147483557258585,0.9898433478080466,0.0,1.3159522832594035,32,32,1.66464018,0.1926176,0.31232049,0.62853031,0.6282723,0.62827395,1.61565062,0.20013596,0.34501247,0.64716023,0.64036445,0.640375
natty,0.1000124703828407,1,5,42,0,34,False,5,0.1029859996944496,449,1.0,2.273301005196956,0.7388169972400025,1.0,0.0,1.0,All,All (87),1.66482381,0.19887751,0.3061536,0.62787414,0.628339,0.62834329,1.63266967,0.2003242,0.33354115,0.64557909,0.63020181,0.63025
natty,0.1000124703828407,1,5,42,0,34,False,4,0.18338227290813,682,34.818250856383365,1.4437060127961,0.4739773430266104,0.7078275698048438,0.0,0.8244856782258623,80,80,1.66535248,0.20029959,0.3085098,0.62860644,0.62611721,0.62612161,1.62616196,0.210741,0.34413965,0.64539154,0.62769593,0.627875
natty,0.1000124703828407,1,5,42,0,34,False,2,0.0509166516447501,457,22.77344916587236,3.022246460759731,0.7466685663856492,0.5142483314850737,0.0,0.8432994328354821,32,32,1.66540482,0.19273071,0.31114272,0.6290165,0.62771475,0.62771871,1.61705338,0.19873851,0.34501247,0.64808399,0.63474548,0.63475
natty,0.1000124703828407,1,5,42,0,34,False,2,0.0547773407319108,396,72.0040122908251,2.8629446508898537,0.3095926442863118,0.8726565433854454,0.0,0.4716640119541883,39,39,1.66541345,0.19119238,0.30940912,0.63028036,0.62680019,0.6268104,1.61502674,0.20465078,0.35,0.6464775,0.62510475,0.625125
natty,0.1000124703828407,1,5,42,0,34,False,6,0.0831699277070304,556,29.90991253957141,0.5408185785867022,0.9536013395570958,0.8975892755961041,0.0,1.350192490488007,81,81,1.66544684,0.1999367,0.30899341,0.62682588,0.62938845,0.6293902,1.63179857,0.20506555,0.33703242,0.64389103,0.62847624,0.6285
natty,0.1000124703828407,1,5,42,0,34,False,2,0.0775077769053852,246,35.50634498577708,3.2694018515041385,0.7098104215432602,0.9187518733058548,0.0,0.3948141685804071,51,51,1.66559586,0.19397522,0.31197399,0.62885239,0.62701393,0.62701862,1.61457901,0.19697848,0.34201995,0.6470757,0.63148167,0.6315
natty,0.1000124703828407,1,5,42,0,34,False,2,0.0221889007013018,874,20.132098384843573,3.102304179558764,0.8434302725916301,0.8999453445732799,0.0,0.4675695577897686,55,55,1.66647512,0.19012058,0.30892526,0.62936898,0.62841429,0.62841557,1.61801358,0.19236941,0.33566085,0.64882923,0.63349717,0.6335
natty,0.1000124703828407,1,5,42,0,34,False,5,0.1982116016944776,463,26.0,0.7906397528570759,0.8265970152566792,1.0,0.0,1.0,All,All (87),1.66695847,0.20128201,0.31010293,0.6284439,0.62651503,0.62652902,1.6316111,0.20798762,0.33865337,0.64474249,0.62496712,0.625
natty,0.1000124703828407,1,5,42,0,34,False,6,0.1390109910130859,281,25.901301327464896,0.6762926124642528,0.5416602246086197,0.9830987330890358,0.0,1.184099918471627,76,76,1.66749547,0.20193633,0.30719223,0.62778658,0.62652661,0.6265334,1.63315266,0.20930374,0.3382793,0.64510099,0.62457587,0.624625
natty,0.1000124703828407,1,5,42,0,34,False,5,0.0790954038475538,610,6.5633233474034,0.97711511775252,0.6788824991800947,0.8201466691884122,0.0,1.1006132735312608,41,41,1.66779375,0.19589438,0.30719271,0.62892515,0.62485164,0.62485994,1.62169681,0.19976532,0.34014963,0.64491224,0.63611115,0.636125
natty,0.1000124703828407,1,5,42,0,34,False,5,0.2122113829321533,507,28.0,0.1028048830408945,0.7029121637295845,1.0,0.0,1.0,All,All (87),1.66857049,0.20023336,0.30767628,0.62820287,0.62324662,0.62325243,1.63216087,0.20279549,0.33279302,0.64612933,0.62458291,0.624625
natty,0.1000124703828407,1,5,42,0,34,False,6,0.0869868364670717,346,23.56103249858449,0.7558989743825939,0.8032278249585192,0.8349336596470002,0.0,1.4045003644296936,57,57,1.6688513,0.20029446,0.31017027,0.62803049,0.6277877,0.6277897,1.62392344,0.20295329,0.34226933,0.64443468,0.62822163,0.62825
natty,0.1000124703828407,1,5,42,0,34,False,5,0.2825161850111944,580,39.0,0.0740135425592403,0.7977799826167268,1.0,0.0,1.0,All,All (87),1.67082845,0.20095568,0.30774596,0.62929857,0.62443339,0.62444038,1.63536242,0.20446244,0.33952618,0.6465439,0.62732654,0.627375
natty,0.1000124703828407,1,5,42,0,34,False,5,0.3337552908510837,555,39.0,0.2714639321362644,0.7559887514838525,1.0,0.0,1.0,All,All (87),1.67093544,0.19582719,0.30289635,0.62983019,0.62672448,0.62674309,1.63647303,0.19993064,0.33715711,0.64552921,0.62886118,0.628875
natty,0.1000124703828407,1,5,42,0,34,False,5,0.2746872808162064,586,30.0,1.4966462104925915,0.7234027960663655,1.0,0.0,1.0,All,All (87),1.67173762,0.19873163,0.30248127,0.62954847,0.62310023,0.62311044,1.63391822,0.20393803,0.33740648,0.64555161,0.62911638,0.629125
natty,0.1000124703828407,1,5,42,0,34,False,5,0.2746872808162064,586,30.0,1.4966462104925915,0.7234027960663655,1.0,0.0,1.0,All,All (87),1.67173762,0.19873163,0.30248127,0.62954847,0.62310023,0.62311044,1.63391822,0.20393803,0.33740648,0.64555161,0.62911638,0.629125
natty,0.1000124703828407,1,5,42,0,34,False,5,0.2746872808162064,586,30.0,1.4966462104925915,0.7234027960663655,1.0,0.0,1.0,All,All (87),1.67173762,0.19873163,0.30248127,0.62954847,0.62310023,0.62311044,1.63391822,0.20393803,0.33740648,0.64555161,0.62911638,0.629125
natty,0.1000124703828407,1,5,42,0,34,False,5,0.2272157798445333,587,25.46472954891791,0.6404139989194548,0.6289342305312131,0.8116167224336399,0.0,1.146470458309974,64,64,1.67183839,0.19943445,0.30497588,0.6293153,0.62652822,0.62653203,1.63019878,0.19726999,0.32805486,0.64643005,0.62498079,0.625
natty,0.1000124703828407,1,5,42,0,34,False,6,0.2045512445139364,305,20.46562831912921,0.3245590490922934,0.6601959876101429,0.7215867493725321,0.0,0.914358437209055,78,78,1.67330133,0.20043769,0.30532075,0.63031712,0.62518964,0.6252058,1.64401727,0.20501511,0.33179551,0.64810542,0.62376488,0.623875
natty,0.1000124703828407,1,5,42,0,34,False,5,0.4705151533607077,393,21.0,1.3667756983581991,0.727728168328829,1.0,0.0,1.0,All,All (87),1.68111766,0.19643739,0.30158099,0.63209695,0.6249792,0.62499406,1.64700262,0.20355616,0.33329177,0.64840625,0.62165472,0.621875
natty,0.1000124703828407,1,5,42,0,34,False,5,0.436059968411218,341,11.0,0.9159046082342291,0.7684104976325553,1.0,0.0,1.0,All,All (87),1.68305664,0.19970607,0.30075145,0.63112553,0.6238316,0.62387841,1.65266292,0.20179513,0.32842893,0.64834549,0.6173679,0.6175
natty,0.1000124703828407,1,5,42,0,34,False,5,0.5539196537472492,360,21.0,1.4810364221551062,0.7069675619079996,1.0,0.0,1.0,All,All (87),1.68316084,0.19899011,0.30054173,0.63276666,0.61925076,0.6192717,1.65427323,0.20164448,0.32531172,0.65169662,0.6158832,0.616
natty,0.1000124703828407,1,5,42,0,34,False,5,0.4331304992929781,351,2.0,2.3722138431333333,0.8448448049611839,1.0,0.0,1.0,All,All (87),1.68433046,0.19514778,0.29707874,0.63075587,0.62144713,0.62150244,1.6600332,0.19493472,0.31895262,0.65084114,0.62227182,0.62275
natty,0.1000124703828407,1,5,42,0,34,False,5,0.6766723113005423,507,14.0,0.6096874021589207,0.7991283587938429,1.0,0.0,1.0,All,All (87),1.69322644,0.1983355,0.29423763,0.63336816,0.61828412,0.61830261,1.66472636,0.19742605,0.31546135,0.65055973,0.62005716,0.62025
natty,0.1000124703828407,1,5,42,0,34,False,5,0.5697101967191935,391,4.0,1.7105825662803922,0.7660228740609402,1.0,0.0,1.0,All,All (87),1.69400149,0.19571436,0.29084222,0.63551722,0.61569697,0.61571423,1.67573313,0.19065527,0.30922693,0.65370612,0.61223039,0.612625
